[
    {
        "id": 1,
        "name": "Bitcoin",
        "symbol": "BTC",
        "slug": "bitcoin",
        "num_market_pairs": 9374,
        "date_added": "2013-04-28T00:00:00.000Z",
        "tags": [
            "mineable",
            "pow",
            "sha-256",
            "store-of-value",
            "state-channel",
            "coinbase-ventures-portfolio",
            "three-arrows-capital-portfolio",
            "polychain-capital-portfolio",
            "binance-labs-portfolio",
            "blockchain-capital-portfolio",
            "boostvc-portfolio",
            "cms-holdings-portfolio",
            "dcg-portfolio",
            "dragonfly-capital-portfolio",
            "electric-capital-portfolio",
            "fabric-ventures-portfolio",
            "framework-ventures-portfolio",
            "galaxy-digital-portfolio",
            "huobi-capital-portfolio",
            "alameda-research-portfolio",
            "a16z-portfolio",
            "1confirmation-portfolio",
            "winklevoss-capital-portfolio",
            "usv-portfolio",
            "placeholder-ventures-portfolio",
            "pantera-capital-portfolio",
            "multicoin-capital-portfolio",
            "paradigm-portfolio"
        ],
        "max_supply": 21000000,
        "circulating_supply": 19026181,
        "total_supply": 19026181,
        "platform": null,
        "cmc_rank": 1,
        "self_reported_circulating_supply": null,
        "self_reported_market_cap": null,
        "last_updated": "2022-04-30T05:12:00.000Z",
        "quote": {
            "USD": {
                "price": 38611.02681084103,
                "volume_24h": 29561383626.15031,
                "volume_change_24h": -14.707,
                "percent_change_1h": -0.21595949,
                "percent_change_24h": -2.39958925,
                "percent_change_7d": -2.35199054,
                "percent_change_30d": -17.93131071,
                "percent_change_60d": -10.78024374,
                "percent_change_90d": 1.05923667,
                "market_cap": 734620384698.9142,
                "market_cap_dominance": 41.704,
                "fully_diluted_market_cap": 810831563027.66,
                "last_updated": "2022-04-30T05:12:00.000Z"
            }
        }
    },
    {
        "id": 1027,
        "name": "Ethereum",
        "symbol": "ETH",
        "slug": "ethereum",
        "num_market_pairs": 5666,
        "date_added": "2015-08-07T00:00:00.000Z",
        "tags": [
            "mineable",
            "pow",
            "smart-contracts",
            "ethereum-ecosystem",
            "coinbase-ventures-portfolio",
            "three-arrows-capital-portfolio",
            "polychain-capital-portfolio",
            "binance-labs-portfolio",
            "blockchain-capital-portfolio",
            "boostvc-portfolio",
            "cms-holdings-portfolio",
            "dcg-portfolio",
            "dragonfly-capital-portfolio",
            "electric-capital-portfolio",
            "fabric-ventures-portfolio",
            "framework-ventures-portfolio",
            "hashkey-capital-portfolio",
            "kenetic-capital-portfolio",
            "huobi-capital-portfolio",
            "alameda-research-portfolio",
            "a16z-portfolio",
            "1confirmation-portfolio",
            "winklevoss-capital-portfolio",
            "usv-portfolio",
            "placeholder-ventures-portfolio",
            "pantera-capital-portfolio",
            "multicoin-capital-portfolio",
            "paradigm-portfolio",
            "injective-ecosystem",
            "bnb-chain"
        ],
        "max_supply": null,
        "circulating_supply": 120584436.499,
        "total_supply": 120584436.499,
        "platform": null,
        "cmc_rank": 2,
        "self_reported_circulating_supply": null,
        "self_reported_market_cap": null,
        "last_updated": "2022-04-30T05:11:00.000Z",
        "quote": {
            "USD": {
                "price": 2825.6299472747814,
                "volume_24h": 18296230184.860374,
                "volume_change_24h": -3.0818,
                "percent_change_1h": 0.09642527,
                "percent_change_24h": -3.34580181,
                "percent_change_7d": -4.12095253,
                "percent_change_30d": -16.796153,
                "percent_change_60d": -3.39894974,
                "percent_change_90d": 8.96036498,
                "market_cap": 340726994946.8286,
                "market_cap_dominance": 19.3467,
                "fully_diluted_market_cap": 340726994946.83,
                "last_updated": "2022-04-30T05:11:00.000Z"
            }
        }
    },
    {
        "id": 825,
        "name": "Tether",
        "symbol": "USDT",
        "slug": "tether",
        "num_market_pairs": 32599,
        "date_added": "2015-02-25T00:00:00.000Z",
        "tags": [
            "payments",
            "stablecoin",
            "asset-backed-stablecoin",
            "avalanche-ecosystem",
            "solana-ecosystem",
            "arbitrum-ecosytem",
            "moonriver-ecosystem",
            "injective-ecosystem",
            "bnb-chain",
            "usd-stablecoin"
        ],
        "max_supply": null,
        "circulating_supply": 83152877108.09804,
        "total_supply": 85713951815.52956,
        "platform": {
            "id": 1027,
            "name": "Ethereum",
            "symbol": "ETH",
            "slug": "ethereum",
            "token_address": "0xdac17f958d2ee523a2206206994597c13d831ec7"
        },
        "cmc_rank": 3,
        "self_reported_circulating_supply": null,
        "self_reported_market_cap": null,
        "last_updated": "2022-04-30T05:11:00.000Z",
        "quote": {
            "USD": {
                "price": 1.0000474921221267,
                "volume_24h": 66405145451.09269,
                "volume_change_24h": -6.6925,
                "percent_change_1h": -0.01499194,
                "percent_change_24h": -0.00437293,
                "percent_change_7d": -0.02436227,
                "percent_change_30d": -0.02850575,
                "percent_change_60d": -0.02889484,
                "percent_change_90d": -0.03360944,
                "market_cap": 83156826214.69284,
                "market_cap_dominance": 4.7217,
                "fully_diluted_market_cap": 85718022553,
                "last_updated": "2022-04-30T05:11:00.000Z"
            }
        }
    },
    {
        "id": 1839,
        "name": "BNB",
        "symbol": "BNB",
        "slug": "bnb",
        "num_market_pairs": 821,
        "date_added": "2017-07-25T00:00:00.000Z",
        "tags": [
            "marketplace",
            "centralized-exchange",
            "payments",
            "smart-contracts",
            "alameda-research-portfolio",
            "multicoin-capital-portfolio",
            "moonriver-ecosystem",
            "bnb-chain"
        ],
        "max_supply": 165116760,
        "circulating_supply": 163276974.63,
        "total_supply": 163276974.63,
        "platform": null,
        "cmc_rank": 4,
        "self_reported_circulating_supply": null,
        "self_reported_market_cap": null,
        "last_updated": "2022-04-30T05:11:00.000Z",
        "quote": {
            "USD": {
                "price": 398.3076262557021,
                "volume_24h": 1821357023.9396434,
                "volume_change_24h": -19.7721,
                "percent_change_1h": 0.18508783,
                "percent_change_24h": -1.51866764,
                "percent_change_7d": -0.93812362,
                "percent_change_30d": -10.15163124,
                "percent_change_60d": 0.31761867,
                "percent_change_90d": 3.42675073,
                "market_cap": 65034464187.08779,
                "market_cap_dominance": 3.6949,
                "fully_diluted_market_cap": 65767264730.63,
                "last_updated": "2022-04-30T05:11:00.000Z"
            }
        }
    },
    {
        "id": 3408,
        "name": "USD Coin",
        "symbol": "USDC",
        "slug": "usd-coin",
        "num_market_pairs": 3843,
        "date_added": "2018-10-08T00:00:00.000Z",
        "tags": [
            "medium-of-exchange",
            "stablecoin",
            "asset-backed-stablecoin",
            "fantom-ecosystem",
            "arbitrum-ecosytem",
            "moonriver-ecosystem",
            "bnb-chain",
            "usd-stablecoin"
        ],
        "max_supply": null,
        "circulating_supply": 49378904902.21749,
        "total_supply": 49378904902.21749,
        "platform": {
            "id": 1027,
            "name": "Ethereum",
            "symbol": "ETH",
            "slug": "ethereum",
            "token_address": "0xa0b86991c6218b36c1d19d4a2e9eb0ce3606eb48"
        },
        "cmc_rank": 5,
        "self_reported_circulating_supply": null,
        "self_reported_market_cap": null,
        "last_updated": "2022-04-30T05:11:00.000Z",
        "quote": {
            "USD": {
                "price": 0.9999618795268589,
                "volume_24h": 3955017886.730716,
                "volume_change_24h": -8.7193,
                "percent_change_1h": 0.00653824,
                "percent_change_24h": -0.00157122,
                "percent_change_7d": -0.01120958,
                "percent_change_30d": 0.001495,
                "percent_change_60d": 0.08088706,
                "percent_change_90d": -0.0587107,
                "market_cap": 49377022554.99943,
                "market_cap_dominance": 2.8031,
                "fully_diluted_market_cap": 49377022555,
                "last_updated": "2022-04-30T05:11:00.000Z"
            }
        }
    },
    {
        "id": 5426,
        "name": "Solana",
        "symbol": "SOL",
        "slug": "solana",
        "num_market_pairs": 300,
        "date_added": "2020-04-10T00:00:00.000Z",
        "tags": [
            "pos",
            "platform",
            "solana-ecosystem",
            "cms-holdings-portfolio",
            "kenetic-capital-portfolio",
            "alameda-research-portfolio",
            "multicoin-capital-portfolio",
            "okex-blockdream-ventures-portfolio"
        ],
        "max_supply": null,
        "circulating_supply": 334008245.8162586,
        "total_supply": 511616946.142289,
        "platform": null,
        "cmc_rank": 6,
        "self_reported_circulating_supply": null,
        "self_reported_market_cap": null,
        "last_updated": "2022-04-30T05:11:00.000Z",
        "quote": {
            "USD": {
                "price": 94.12752280756926,
                "volume_24h": 1214063602.0033264,
                "volume_change_24h": -6.0189,
                "percent_change_1h": -0.12558133,
                "percent_change_24h": -3.59481884,
                "percent_change_7d": -5.63217653,
                "percent_change_30d": -22.33184139,
                "percent_change_60d": -3.47787564,
                "percent_change_90d": -1.53655962,
                "market_cap": 31439368775.986084,
                "market_cap_dominance": 1.7848,
                "fully_diluted_market_cap": 48157235766.75,
                "last_updated": "2022-04-30T05:11:00.000Z"
            }
        }
    },
    {
        "id": 52,
        "name": "XRP",
        "symbol": "XRP",
        "slug": "xrp",
        "num_market_pairs": 714,
        "date_added": "2013-08-04T00:00:00.000Z",
        "tags": [
            "medium-of-exchange",
            "enterprise-solutions",
            "binance-chain",
            "arrington-xrp-capital-portfolio",
            "galaxy-digital-portfolio",
            "a16z-portfolio",
            "pantera-capital-portfolio"
        ],
        "max_supply": 100000000000,
        "circulating_supply": 48105234849,
        "total_supply": 99989594553,
        "platform": null,
        "cmc_rank": 7,
        "self_reported_circulating_supply": null,
        "self_reported_market_cap": null,
        "last_updated": "2022-04-30T05:12:00.000Z",
        "quote": {
            "USD": {
                "price": 0.6212299010825868,
                "volume_24h": 1891347561.3786209,
                "volume_change_24h": 19.4272,
                "percent_change_1h": 0.15212021,
                "percent_change_24h": -2.84474613,
                "percent_change_7d": -12.93200355,
                "percent_change_30d": -27.9981973,
                "percent_change_60d": -19.95865422,
                "percent_change_90d": 0.19518829,
                "market_cap": 29884410286.798878,
                "market_cap_dominance": 1.6969,
                "fully_diluted_market_cap": 62122990108.26,
                "last_updated": "2022-04-30T05:12:00.000Z"
            }
        }
    },
    {
        "id": 4172,
        "name": "Terra",
        "symbol": "LUNA",
        "slug": "terra-luna",
        "num_market_pairs": 232,
        "date_added": "2019-07-26T00:00:00.000Z",
        "tags": [
            "cosmos-ecosystem",
            "store-of-value",
            "defi",
            "payments",
            "coinbase-ventures-portfolio",
            "binance-labs-portfolio",
            "solana-ecosystem",
            "arrington-xrp-capital-portfolio",
            "hashkey-capital-portfolio",
            "kenetic-capital-portfolio",
            "huobi-capital-portfolio",
            "pantera-capital-portfolio",
            "terra-ecosystem"
        ],
        "max_supply": null,
        "circulating_supply": 345516405.90746677,
        "total_supply": 728584231.705365,
        "platform": null,
        "cmc_rank": 8,
        "self_reported_circulating_supply": null,
        "self_reported_market_cap": null,
        "last_updated": "2022-04-30T05:12:00.000Z",
        "quote": {
            "USD": {
                "price": 85.45338878678619,
                "volume_24h": 1667378101.5056689,
                "volume_change_24h": -22.5241,
                "percent_change_1h": 0.19980421,
                "percent_change_24h": -0.17529058,
                "percent_change_7d": -8.48888263,
                "percent_change_30d": -20.05883959,
                "percent_change_60d": -3.90353972,
                "percent_change_90d": 69.33167595,
                "market_cap": 29525547766.223785,
                "market_cap_dominance": 1.6765,
                "fully_diluted_market_cap": 62259991615.84,
                "last_updated": "2022-04-30T05:12:00.000Z"
            }
        }
    },
    {
        "id": 2010,
        "name": "Cardano",
        "symbol": "ADA",
        "slug": "cardano",
        "num_market_pairs": 428,
        "date_added": "2017-10-01T00:00:00.000Z",
        "tags": [
            "mineable",
            "dpos",
            "pos",
            "platform",
            "research",
            "smart-contracts",
            "staking",
            "cardano-ecosystem",
            "cardano",
            "bnb-chain"
        ],
        "max_supply": 45000000000,
        "circulating_supply": 33752565071.288,
        "total_supply": 34277702081.605,
        "platform": null,
        "cmc_rank": 9,
        "self_reported_circulating_supply": null,
        "self_reported_market_cap": null,
        "last_updated": "2022-04-30T05:11:00.000Z",
        "quote": {
            "USD": {
                "price": 0.8129300314364165,
                "volume_24h": 875895939.3427858,
                "volume_change_24h": 2.3513,
                "percent_change_1h": 0.26238979,
                "percent_change_24h": -3.02629941,
                "percent_change_7d": -8.68310175,
                "percent_change_30d": -32.68507864,
                "percent_change_60d": -16.14598327,
                "percent_change_90d": -24.00584801,
                "market_cap": 27438473784.461845,
                "market_cap_dominance": 1.5577,
                "fully_diluted_market_cap": 36581851414.64,
                "last_updated": "2022-04-30T05:11:00.000Z"
            }
        }
    },
    {
        "id": 7129,
        "name": "TerraUSD",
        "symbol": "UST",
        "slug": "terrausd",
        "num_market_pairs": 527,
        "date_added": "2020-09-21T00:00:00.000Z",
        "tags": [
            "cosmos-ecosystem",
            "stablecoin",
            "terra-ecosystem",
            "injective-ecosystem",
            "bnb-chain",
            "usd-stablecoin"
        ],
        "max_supply": null,
        "circulating_supply": 18473575633.78742,
        "total_supply": 18473575633.78742,
        "platform": null,
        "cmc_rank": 10,
        "self_reported_circulating_supply": null,
        "self_reported_market_cap": null,
        "last_updated": "2022-04-30T05:11:00.000Z",
        "quote": {
            "USD": {
                "price": 1.0004625062928216,
                "volume_24h": 546036090.061879,
                "volume_change_24h": 1.234,
                "percent_change_1h": -0.06280706,
                "percent_change_24h": 0.00124229,
                "percent_change_7d": -0.16561463,
                "percent_change_30d": 0.00408129,
                "percent_change_60d": -0.35972404,
                "percent_change_90d": -0.10618676,
                "market_cap": 18482119778.768963,
                "market_cap_dominance": 1.0492,
                "fully_diluted_market_cap": 18482119778.77,
                "last_updated": "2022-04-30T05:11:00.000Z"
            }
        }
    },
    {
        "id": 74,
        "name": "Dogecoin",
        "symbol": "DOGE",
        "slug": "dogecoin",
        "num_market_pairs": 468,
        "date_added": "2013-12-15T00:00:00.000Z",
        "tags": [
            "mineable",
            "pow",
            "scrypt",
            "medium-of-exchange",
            "memes",
            "payments",
            "doggone-doggerel",
            "bnb-chain"
        ],
        "max_supply": null,
        "circulating_supply": 132670764299.89409,
        "total_supply": 132670764299.89409,
        "platform": null,
        "cmc_rank": 11,
        "self_reported_circulating_supply": null,
        "self_reported_market_cap": null,
        "last_updated": "2022-04-30T05:12:00.000Z",
        "quote": {
            "USD": {
                "price": 0.13585012537967311,
                "volume_24h": 1240119817.1507921,
                "volume_change_24h": -5.2389,
                "percent_change_1h": -0.0662331,
                "percent_change_24h": -5.10365108,
                "percent_change_7d": 1.12310492,
                "percent_change_30d": -6.08651572,
                "percent_change_60d": 2.31704353,
                "percent_change_90d": -4.98943735,
                "market_cap": 18023339964.35767,
                "market_cap_dominance": 1.0232,
                "fully_diluted_market_cap": 18023339964.36,
                "last_updated": "2022-04-30T05:12:00.000Z"
            }
        }
    },
    {
        "id": 4687,
        "name": "Binance USD",
        "symbol": "BUSD",
        "slug": "binance-usd",
        "num_market_pairs": 3608,
        "date_added": "2019-09-20T00:00:00.000Z",
        "tags": [
            "stablecoin",
            "asset-backed-stablecoin",
            "binance-chain",
            "harmony-ecosystem",
            "moonriver-ecosystem",
            "bnb-chain",
            "usd-stablecoin"
        ],
        "max_supply": null,
        "circulating_supply": 17651702072.209255,
        "total_supply": 17651702072.209255,
        "platform": {
            "id": 1839,
            "name": "BNB Beacon Chain (BEP2)",
            "symbol": "BNB",
            "slug": "bnb",
            "token_address": "BUSD-BD1"
        },
        "cmc_rank": 12,
        "self_reported_circulating_supply": null,
        "self_reported_market_cap": null,
        "last_updated": "2022-04-30T05:11:00.000Z",
        "quote": {
            "USD": {
                "price": 1.0000188475896348,
                "volume_24h": 5089080081.640605,
                "volume_change_24h": -6.7687,
                "percent_change_1h": 0.09822293,
                "percent_change_24h": -0.07363997,
                "percent_change_7d": 0.03677646,
                "percent_change_30d": -0.10628902,
                "percent_change_60d": -0.03754627,
                "percent_change_90d": -0.06937492,
                "market_cap": 17652034764.24627,
                "market_cap_dominance": 1.0029,
                "fully_diluted_market_cap": 17652034764.25,
                "last_updated": "2022-04-30T05:11:00.000Z"
            }
        }
    },
    {
        "id": 5805,
        "name": "Avalanche",
        "symbol": "AVAX",
        "slug": "avalanche",
        "num_market_pairs": 238,
        "date_added": "2020-07-13T00:00:00.000Z",
        "tags": [
            "defi",
            "smart-contracts",
            "polychain-capital-portfolio",
            "avalanche-ecosystem",
            "cms-holdings-portfolio",
            "dragonfly-capital-portfolio",
            "moonriver-ecosystem",
            "injective-ecosystem",
            "bnb-chain"
        ],
        "max_supply": null,
        "circulating_supply": 268613745.98828745,
        "total_supply": 395891289.9134107,
        "platform": null,
        "cmc_rank": 13,
        "self_reported_circulating_supply": null,
        "self_reported_market_cap": null,
        "last_updated": "2022-04-30T05:11:00.000Z",
        "quote": {
            "USD": {
                "price": 64.27228088885664,
                "volume_24h": 526227694.4049379,
                "volume_change_24h": -7.2096,
                "percent_change_1h": 0.28847119,
                "percent_change_24h": -3.89296251,
                "percent_change_7d": -13.07199253,
                "percent_change_30d": -34.50867412,
                "percent_change_60d": -26.96349292,
                "percent_change_90d": -10.03492805,
                "market_cap": 17264418132.7672,
                "market_cap_dominance": 0.9809,
                "fully_diluted_market_cap": 25444836186.77,
                "last_updated": "2022-04-30T05:11:00.000Z"
            }
        }
    },
    {
        "id": 6636,
        "name": "Polkadot",
        "symbol": "DOT",
        "slug": "polkadot-new",
        "num_market_pairs": 335,
        "date_added": "2020-08-19T00:00:00.000Z",
        "tags": [
            "substrate",
            "polkadot",
            "binance-chain",
            "polkadot-ecosystem",
            "three-arrows-capital-portfolio",
            "polychain-capital-portfolio",
            "arrington-xrp-capital-portfolio",
            "blockchain-capital-portfolio",
            "boostvc-portfolio",
            "cms-holdings-portfolio",
            "coinfund-portfolio",
            "fabric-ventures-portfolio",
            "fenbushi-capital-portfolio",
            "hashkey-capital-portfolio",
            "kenetic-capital-portfolio",
            "1confirmation-portfolio",
            "placeholder-ventures-portfolio",
            "pantera-capital-portfolio",
            "exnetwork-capital-portfolio",
            "web3",
            "spartan-group",
            "injective-ecosystem",
            "bnb-chain"
        ],
        "max_supply": null,
        "circulating_supply": 987579314.957085,
        "total_supply": 1103303471.382273,
        "platform": null,
        "cmc_rank": 14,
        "self_reported_circulating_supply": 904869778,
        "self_reported_market_cap": 14748060793.332382,
        "last_updated": "2022-04-30T05:11:00.000Z",
        "quote": {
            "USD": {
                "price": 16.298544997192273,
                "volume_24h": 578231277.2522247,
                "volume_change_24h": -4.0813,
                "percent_change_1h": -0.01057536,
                "percent_change_24h": -3.47505238,
                "percent_change_7d": -10.65778244,
                "percent_change_30d": -28.15535767,
                "percent_change_60d": -12.90520488,
                "percent_change_90d": -13.23007795,
                "market_cap": 16096105903.12437,
                "market_cap_dominance": 0.9139,
                "fully_diluted_market_cap": 17982241273.88,
                "last_updated": "2022-04-30T05:11:00.000Z"
            }
        }
    },
    {
        "id": 5994,
        "name": "Shiba Inu",
        "symbol": "SHIB",
        "slug": "shiba-inu",
        "num_market_pairs": 344,
        "date_added": "2020-08-01T00:00:00.000Z",
        "tags": [
            "memes",
            "ethereum-ecosystem",
            "doggone-doggerel"
        ],
        "max_supply": null,
        "circulating_supply": 549063278876301.94,
        "total_supply": 589735030408322.8,
        "platform": {
            "id": 1027,
            "name": "Ethereum",
            "symbol": "ETH",
            "slug": "ethereum",
            "token_address": "0x95ad61b0a150d79219dcf64e1e6cc01f0b64c4ce"
        },
        "cmc_rank": 15,
        "self_reported_circulating_supply": null,
        "self_reported_market_cap": null,
        "last_updated": "2022-04-30T05:11:00.000Z",
        "quote": {
            "USD": {
                "price": 2.2405678213118312e-05,
                "volume_24h": 656240433.146462,
                "volume_change_24h": 34.331,
                "percent_change_1h": 0.21162796,
                "percent_change_24h": -2.72966076,
                "percent_change_7d": -6.88357378,
                "percent_change_30d": -19.21222157,
                "percent_change_60d": -13.31341758,
                "percent_change_90d": 1.88497074,
                "market_cap": 12302135145.142063,
                "market_cap_dominance": 0.6989,
                "fully_diluted_market_cap": 13213413322.33,
                "last_updated": "2022-04-30T05:11:00.000Z"
            }
        }
    },
    {
        "id": 3717,
        "name": "Wrapped Bitcoin",
        "symbol": "WBTC",
        "slug": "wrapped-bitcoin",
        "num_market_pairs": 411,
        "date_added": "2019-01-30T00:00:00.000Z",
        "tags": [
            "medium-of-exchange",
            "defi",
            "wrapped-tokens",
            "fantom-ecosystem",
            "arbitrum-ecosytem",
            "moonriver-ecosystem"
        ],
        "max_supply": null,
        "circulating_supply": 281906.03000986,
        "total_supply": 281906.03000986,
        "platform": {
            "id": 1027,
            "name": "Ethereum",
            "symbol": "ETH",
            "slug": "ethereum",
            "token_address": "0x2260fac5e5542a773aa44fbcfedf7c193bc2c599"
        },
        "cmc_rank": 16,
        "self_reported_circulating_supply": null,
        "self_reported_market_cap": null,
        "last_updated": "2022-04-30T05:11:00.000Z",
        "quote": {
            "USD": {
                "price": 38557.597659149265,
                "volume_24h": 160448466.24635202,
                "volume_change_24h": -31.6949,
                "percent_change_1h": -0.14244801,
                "percent_change_24h": -2.55604959,
                "percent_change_7d": -2.46759835,
                "percent_change_30d": -18.13315204,
                "percent_change_60d": -10.77638371,
                "percent_change_90d": 1.10696399,
                "market_cap": 10869619282.80824,
                "market_cap_dominance": 0.6175,
                "fully_diluted_market_cap": 10869619282.81,
                "last_updated": "2022-04-30T05:11:00.000Z"
            }
        }
    },
    {
        "id": 3635,
        "name": "Cronos",
        "symbol": "CRO",
        "slug": "cronos",
        "num_market_pairs": 134,
        "date_added": "2018-12-14T00:00:00.000Z",
        "tags": [
            "medium-of-exchange",
            "cosmos-ecosystem",
            "centralized-exchange",
            "mobile",
            "payments"
        ],
        "max_supply": 30263013692,
        "circulating_supply": 25263013692,
        "total_supply": 30263013692,
        "platform": {
            "id": 1027,
            "name": "Ethereum",
            "symbol": "ETH",
            "slug": "ethereum",
            "token_address": "0xa0b73e1ff0b80914ab6fe0444e65848c4c34450b"
        },
        "cmc_rank": 17,
        "self_reported_circulating_supply": null,
        "self_reported_market_cap": null,
        "last_updated": "2022-04-30T05:11:00.000Z",
        "quote": {
            "USD": {
                "price": 0.36966778353783847,
                "volume_24h": 52860004.6861013,
                "volume_change_24h": 0.7659,
                "percent_change_1h": -0.38216346,
                "percent_change_24h": -4.26079972,
                "percent_change_7d": -8.60449983,
                "percent_change_30d": -22.7106456,
                "percent_change_60d": -16.96820349,
                "percent_change_90d": -14.772359,
                "market_cap": 9338922277.007706,
                "market_cap_dominance": 0.5302,
                "fully_diluted_market_cap": 11187261194.7,
                "last_updated": "2022-04-30T05:11:00.000Z"
            }
        }
    },
    {
        "id": 3890,
        "name": "Polygon",
        "symbol": "MATIC",
        "slug": "polygon",
        "num_market_pairs": 378,
        "date_added": "2019-04-28T00:00:00.000Z",
        "tags": [
            "platform",
            "enterprise-solutions",
            "scaling",
            "state-channel",
            "coinbase-ventures-portfolio",
            "binance-launchpad",
            "binance-labs-portfolio",
            "polygon-ecosystem",
            "moonriver-ecosystem",
            "injective-ecosystem",
            "bnb-chain"
        ],
        "max_supply": 10000000000,
        "circulating_supply": 7848866566.62,
        "total_supply": 10000000000,
        "platform": null,
        "cmc_rank": 18,
        "self_reported_circulating_supply": null,
        "self_reported_market_cap": null,
        "last_updated": "2022-04-30T05:11:00.000Z",
        "quote": {
            "USD": {
                "price": 1.1558116188396157,
                "volume_24h": 661458192.9731673,
                "volume_change_24h": 19.9007,
                "percent_change_1h": -0.14363593,
                "percent_change_24h": -5.83354617,
                "percent_change_7d": -15.10865741,
                "percent_change_30d": -32.31371961,
                "percent_change_60d": -27.4696612,
                "percent_change_90d": -31.99661833,
                "market_cap": 9071811172.421198,
                "market_cap_dominance": 0.515,
                "fully_diluted_market_cap": 11558116188.4,
                "last_updated": "2022-04-30T05:11:00.000Z"
            }
        }
    },
    {
        "id": 4943,
        "name": "Dai",
        "symbol": "DAI",
        "slug": "multi-collateral-dai",
        "num_market_pairs": 925,
        "date_added": "2019-11-22T00:00:00.000Z",
        "tags": [
            "defi",
            "stablecoin",
            "ethereum-ecosystem",
            "avalanche-ecosystem",
            "polygon-ecosystem",
            "fantom-ecosystem",
            "arbitrum-ecosytem",
            "harmony-ecosystem",
            "moonriver-ecosystem",
            "bnb-chain",
            "usd-stablecoin"
        ],
        "max_supply": null,
        "circulating_supply": 8861331742.632273,
        "total_supply": 8861331742.632273,
        "platform": {
            "id": 1027,
            "name": "Ethereum",
            "symbol": "ETH",
            "slug": "ethereum",
            "token_address": "0x6b175474e89094c44da98b954eedeac495271d0f"
        },
        "cmc_rank": 19,
        "self_reported_circulating_supply": null,
        "self_reported_market_cap": null,
        "last_updated": "2022-04-30T05:11:00.000Z",
        "quote": {
            "USD": {
                "price": 0.9997894602347727,
                "volume_24h": 273781677.8639579,
                "volume_change_24h": 16.4197,
                "percent_change_1h": -0.01858812,
                "percent_change_24h": 0.02300834,
                "percent_change_7d": 0.03223825,
                "percent_change_30d": 0.00375033,
                "percent_change_60d": -0.02055781,
                "percent_change_90d": -0.05591985,
                "market_cap": 8859466079.927578,
                "market_cap_dominance": 0.5033,
                "fully_diluted_market_cap": 8859466079.93,
                "last_updated": "2022-04-30T05:11:00.000Z"
            }
        }
    },
    {
        "id": 6535,
        "name": "NEAR Protocol",
        "symbol": "NEAR",
        "slug": "near-protocol",
        "num_market_pairs": 137,
        "date_added": "2020-08-11T00:00:00.000Z",
        "tags": [
            "platform",
            "staking",
            "coinbase-ventures-portfolio",
            "arrington-xrp-capital-portfolio",
            "coinfund-portfolio",
            "electric-capital-portfolio",
            "fabric-ventures-portfolio",
            "kenetic-capital-portfolio",
            "near-protocol-ecosystem",
            "injective-ecosystem",
            "bnb-chain"
        ],
        "max_supply": 1000000000,
        "circulating_supply": 674061765,
        "total_supply": 1000000000,
        "platform": null,
        "cmc_rank": 20,
        "self_reported_circulating_supply": null,
        "self_reported_market_cap": null,
        "last_updated": "2022-04-30T05:11:00.000Z",
        "quote": {
            "USD": {
                "price": 11.483610166432943,
                "volume_24h": 783241025.8691466,
                "volume_change_24h": -6.1164,
                "percent_change_1h": 0.00613429,
                "percent_change_24h": -5.91655792,
                "percent_change_7d": -25.33441407,
                "percent_change_30d": -17.99277956,
                "percent_change_60d": 18.48782983,
                "percent_change_90d": 5.05250731,
                "market_cap": 7740662537.357733,
                "market_cap_dominance": 0.4395,
                "fully_diluted_market_cap": 11483610166.43,
                "last_updated": "2022-04-30T05:11:00.000Z"
            }
        }
    }
]